"t","u","wt1","wt2","wt3","r","y","em_x","em_y",
0,-0.18401,0.69999,0.00099964,1.0001,-0.28976,0.93695,0,0,

