"t","u","wt1","wt2","wt3","r","y","em_x","em_y",
0,-0.69162,0.016486,0.0017948,2.0119,-2.1703,-1.8296,0,0,

