"t","u","wt1","wt2","wt3","r","y","em_x","em_y",
0,-0.7853,0.016823,0.0018812,2.0084,0.45989,0.84729,0,0,

