"t","u","wt1","wt2","wt3","r","y","em_x","em_y",
0,0.25747,0.63475,-0.0031884,3.4435,1.6666,0.37921,0,0,

