"t","u","wt1","wt2","wt3","r","y","em_x","em_y",
0,0.067123,0.71754,0.012335,-0.56026,-0.42601,-0.82173,0,0,

