"t","u","wt1","wt2","wt3","r","y","em_x","em_y",
0,0.054787,0.84117,0.027653,-14.4892,1.1418,0.86791,0,0,

