"t","u","wt1","wt2","wt3","r","y","em_x","em_y",
0,-0.7854,0.76796,0.022432,0.50616,0.45989,1.6221,0,0,

