"t","u","wt1","wt2","wt3","r","y","em_x","em_y",
0,-0.24534,0.81023,0.027349,0.39103,-0.28976,0.93695,0,0,

